,Order,Wavelength Start (micron),Region Size (micron),Both Fibers,Species
0,0,0.98024,2.993e-05,0,"Emission line wavelength(s) in region: [(0.98026, 'OH Line')] micron"
1,2,0.99114,2.545e-05,0,"Emission line wavelength(s) in region: [(0.99115, 'Unknown Species')] micron"
2,2,0.99171,3.223e-05,0,"Emission line wavelength(s) in region: [(0.99173, 'OH Line')] micron"
3,2,0.99442,2.957e-05,0,"Emission line wavelength(s) in region: [(0.99444, 'OH Line')] micron"
4,2,0.9949,5.482e-05,0,"Emission line wavelength(s) in region: [(0.99492, 'OH Line')] micron"
5,2,0.99591,4.635e-05,1,"Emission line wavelength(s) in region: [(0.99594, 'OH Line')] micron"
6,3,1.00153,4.261e-05,1,"Emission line wavelength(s) in region: [(1.00156, 'OH Line')] micron"
7,4,1.00154,4.341e-05,0,"Emission line wavelength(s) in region: [(1.00156, 'OH Line')] micron"
8,4,1.00377,4.165e-05,0,"Emission line wavelength(s) in region: [(1.00379, 'Unknown Species')] micron"
9,4,1.00631,4.615e-05,0,"Emission line wavelength(s) in region: [(1.00634, 'OH Line')] micron"
10,4,1.0085,4.951e-05,1,"Emission line wavelength(s) in region: [(1.00852, 'OH Line')] micron"
11,5,1.01267,4.738e-05,0,"Emission line wavelength(s) in region: [(1.01269, 'OH Line')] micron"
12,5,1.01741,3.384e-05,0,"Emission line wavelength(s) in region: [(1.01743, 'OH Line')] micron"
13,5,1.01747,5.825e-05,0,"Emission line wavelength(s) in region: [(1.0175, 'OH Line')] micron"
14,6,1.02056,3.954e-05,0,"Emission line wavelength(s) in region: [(1.02058, 'OH Line')] micron"
15,6,1.02114,3.179e-05,0,"Emission line wavelength(s) in region: [(1.02116, 'OH Line')] micron"
16,6,1.02135,5.262e-05,1,"Emission line wavelength(s) in region: [(1.02138, 'OH Line')] micron"
17,6,1.0228,0.00010667,0,"Emission line wavelength(s) in region: [(1.02283, 'OH Line'), (1.02289, 'OH Line')] micron"
18,7,1.02872,4.577e-05,0,"Emission line wavelength(s) in region: [(1.02874, 'OH Line')] micron"
19,7,1.02891,5.946e-05,1,"Emission line wavelength(s) in region: [(1.02894, 'OH Line')] micron"
20,7,1.02985,6.771e-05,1,"Emission line wavelength(s) in region: [(1.02987, 'OH Line'), (1.0299, 'OH Line')] micron"
21,8,1.03992,3.348e-05,1,"Emission line wavelength(s) in region: [(1.03994, 'OH Line')] micron"
22,9,1.04209,7.075e-05,1,"Emission line wavelength(s) in region: [(1.04211, 'OH Line'), (1.04214, 'OH Line')] micron"
23,9,1.04714,7.446e-05,0,"Emission line wavelength(s) in region: [(1.04716, 'OH Line'), (1.0472, 'OH Line')] micron"
24,10,1.04531,5.349e-05,0,"Emission line wavelength(s) in region: [(1.04534, 'OH Line')] micron"
25,10,1.04714,8.75e-05,0,"Emission line wavelength(s) in region: [(1.04716, 'OH Line'), (1.04721, 'OH Line')] micron"
26,10,1.05116,9.685e-05,0,"Emission line wavelength(s) in region: [(1.05121, 'OH Line')] micron"
27,10,1.05272,3.063e-05,0,"Emission line wavelength(s) in region: [(1.05273, 'OH Line')] micron"
28,11,1.0575,3.384e-05,0,"Emission line wavelength(s) in region: [(1.05752, 'OH Line')] micron"
29,11,1.05882,3.257e-05,0,"Emission line wavelength(s) in region: [(1.05883, 'OH Line')] micron"
30,11,1.0589,2.527e-05,0,"Emission line wavelength(s) in region: [(1.05891, 'OH Line')] micron"
31,11,1.06234,4.747e-05,1,"Emission line wavelength(s) in region: [(1.06236, 'Unknown Species')] micron"
32,13,1.07232,4.289e-05,0,"Emission line wavelength(s) in region: [(1.07234, 'OH Line')] micron"
33,13,1.07314,7.251e-05,1,"Emission line wavelength(s) in region: [(1.07318, 'OH Line')] micron"
34,13,1.07459,4.027e-05,1,"Emission line wavelength(s) in region: [(1.07462, 'OH Line')] micron"
35,13,1.07537,5.712e-05,1,"Emission line wavelength(s) in region: [(1.07539, 'OH Line')] micron"
36,13,1.07749,3.627e-05,1,"Emission line wavelength(s) in region: [(1.07751, 'OH Line')] micron"
37,14,1.07748,4.588e-05,0,"Emission line wavelength(s) in region: [(1.07751, 'OH Line')] micron"
38,14,1.08319,6.877e-05,1,"Emission line wavelength(s) in region: [(1.08321, 'OH Line'), (1.08324, 'OH Line')] micron"
39,14,1.0834,5.394e-05,1,"Emission line wavelength(s) in region: [(1.08343, 'OH Line')] micron"
40,14,1.08443,7.626e-05,1,"Emission line wavelength(s) in region: [(1.08445, 'OH Line'), (1.08449, 'OH Line')] micron"
41,14,1.08469,0.00011322,0,"Emission line wavelength(s) in region: [(1.08474, 'OH Line'), (1.08475, 'OH Line')] micron"
42,15,1.08339,5.655e-05,0,"Emission line wavelength(s) in region: [(1.08342, 'OH Line')] micron"
43,15,1.08444,6.853e-05,0,"Emission line wavelength(s) in region: [(1.08445, 'OH Line'), (1.08449, 'OH Line')] micron"
44,15,1.09261,8.025e-05,1,"Emission line wavelength(s) in region: [(1.09265, 'OH Line')] micron"
45,15,1.09511,4.083e-05,1,"Emission line wavelength(s) in region: [(1.09513, 'OH Line')] micron"
46,16,1.09511,5.367e-05,1,"Emission line wavelength(s) in region: [(1.09514, 'OH Line')] micron"
47,16,1.0975,6.638e-05,1,"Emission line wavelength(s) in region: [(1.09752, 'OH Line'), (1.09755, 'OH Line')] micron"
48,16,1.1009,4.57e-05,1,"Emission line wavelength(s) in region: [(1.10093, 'OH Line')] micron"
49,16,1.10293,8.729e-05,1,"Emission line wavelength(s) in region: [(1.10296, 'OH Line'), (1.103, 'OH Line')] micron"
50,17,1.1009,5.662e-05,1,"Emission line wavelength(s) in region: [(1.10093, 'OH Line')] micron"
51,17,1.10294,3.784e-05,1,"Emission line wavelength(s) in region: [(1.10296, 'OH Line')] micron"
52,17,1.10299,3.78e-05,1,"Emission line wavelength(s) in region: [(1.10301, 'OH Line')] micron"
53,17,1.10895,3.946e-05,1,"Emission line wavelength(s) in region: [(1.10897, 'OH Line')] micron"
54,17,1.10901,3.937e-05,1,"Emission line wavelength(s) in region: [(1.10903, 'OH Line')] micron"
55,18,1.11404,7.593e-05,0,"Emission line wavelength(s) in region: [(1.11407, 'OH Line'), (1.11411, 'OH Line')] micron"
56,18,1.11553,4.994e-05,0,"Emission line wavelength(s) in region: [(1.11556, 'OH Line')] micron"
57,18,1.11563,4.215e-05,1,"Emission line wavelength(s) in region: [(1.11565, 'OH Line')] micron"
58,18,1.11797,0.00026175,0,"Emission line wavelength(s) in region: [(1.11806, 'OH Line'), (1.11819, 'OH Line')] micron"
59,18,1.11845,0.0003158,0,"Emission line wavelength(s) in region: [(1.11861, 'Unknown Species')] micron"
60,20,1.13061,5.38e-05,0,"Emission line wavelength(s) in region: [(1.13064, 'OH Line')] micron"
61,20,1.13231,5.161e-05,1,"Emission line wavelength(s) in region: [(1.13234, 'OH Line')] micron"
62,20,1.13308,7.382e-05,0,"Emission line wavelength(s) in region: [(1.13312, 'OH Line')] micron"
63,20,1.1354,5.416e-05,1,"Emission line wavelength(s) in region: [(1.13542, 'OH Line')] micron"
64,20,1.13932,6.377e-05,0,"Emission line wavelength(s) in region: [(1.13936, 'Unknown Species')] micron"
65,21,1.14397,5.527e-05,1,"Emission line wavelength(s) in region: [(1.14399, 'OH Line')] micron"
66,21,1.14512,7.42e-05,1,"Emission line wavelength(s) in region: [(1.14514, 'OH Line'), (1.14518, 'OH Line')] micron"
67,21,1.14686,2.961e-05,0,"Emission line wavelength(s) in region: [(1.14688, 'OH Line')] micron"
68,22,1.14397,5.936e-05,1,"Emission line wavelength(s) in region: [(1.144, 'OH Line')] micron"
69,22,1.14512,7.177e-05,0,"Emission line wavelength(s) in region: [(1.14515, 'OH Line'), (1.14518, 'OH Line')] micron"
70,22,1.14684,5.659e-05,0,"Emission line wavelength(s) in region: [(1.14687, 'OH Line'), (1.14688, 'OH Line')] micron"
71,22,1.15385,0.0001226,1,"Emission line wavelength(s) in region: [(1.15389, 'OH Line'), (1.15395, 'Unknown Species')] micron"
72,22,1.1565,5.818e-05,0,"Emission line wavelength(s) in region: [(1.15652, 'OH Line'), (1.15653, 'OH Line')] micron"
73,23,1.15384,7.738e-05,1,"Emission line wavelength(s) in region: [(1.15388, 'OH Line')] micron"
74,23,1.1565,4.78e-05,1,"Emission line wavelength(s) in region: [(1.15652, 'OH Line')] micron"
75,23,1.15913,6.963e-05,1,"Emission line wavelength(s) in region: [(1.15915, 'OH Line'), (1.15918, 'OH Line')] micron"
76,23,1.16042,0.00011472,0,"Emission line wavelength(s) in region: [(1.16048, 'Unknown Species')] micron"
77,23,1.16169,7.241e-05,0,"Emission line wavelength(s) in region: [(1.16173, 'OH Line')] micron"
78,23,1.16276,4.047e-05,1,"Emission line wavelength(s) in region: [(1.16279, 'OH Line')] micron"
79,23,1.16503,9.42e-05,1,"Emission line wavelength(s) in region: [(1.16505, 'OH Line'), (1.1651, 'OH Line')] micron"
80,24,1.16276,5.077e-05,0,"Emission line wavelength(s) in region: [(1.16278, 'OH Line')] micron"
81,24,1.16503,9.333e-05,1,"Emission line wavelength(s) in region: [(1.16505, 'OH Line'), (1.1651, 'OH Line')] micron"
82,24,1.16955,0.00014032,1,"Emission line wavelength(s) in region: [(1.16963, 'OH Line'), (1.16965, 'OH Line')] micron"
83,24,1.17156,4.16e-05,1,"Emission line wavelength(s) in region: [(1.17158, 'OH Line')] micron"
84,24,1.17163,4.15e-05,1,"Emission line wavelength(s) in region: [(1.17165, 'OH Line')] micron"
85,24,1.17508,3.625e-05,0,"Emission line wavelength(s) in region: [(1.1751, 'Unknown Species')] micron"
86,25,1.17156,3.286e-05,0,"Emission line wavelength(s) in region: [(1.17158, 'OH Line')] micron"
87,25,1.17162,5.159e-05,0,"Emission line wavelength(s) in region: [(1.17165, 'OH Line')] micron"
88,25,1.17873,4.489e-05,1,"Emission line wavelength(s) in region: [(1.17876, 'OH Line')] micron"
89,25,1.17883,4.478e-05,1,"Emission line wavelength(s) in region: [(1.17885, 'OH Line')] micron"
90,26,1.18657,3.868e-05,0,"Emission line wavelength(s) in region: [(1.18659, 'OH Line')] micron"
91,26,1.18669,3.001e-05,0,"Emission line wavelength(s) in region: [(1.18671, 'OH Line')] micron"
92,27,1.19677,5.58e-05,0,"Emission line wavelength(s) in region: [(1.1968, 'OH Line')] micron"
93,27,1.19882,7.745e-05,1,"Emission line wavelength(s) in region: [(1.19886, 'OH Line')] micron"
94,27,1.19998,6.705e-05,1,"Emission line wavelength(s) in region: [(1.20001, 'OH Line')] micron"
95,27,1.20067,6.562e-05,1,"Emission line wavelength(s) in region: [(1.20071, 'OH Line')] micron"
96,27,1.2024,4.001e-05,1,"Emission line wavelength(s) in region: [(1.20243, 'OH Line')] micron"
97,27,1.20306,5.317e-05,1,"Emission line wavelength(s) in region: [(1.20309, 'OH Line')] micron"
98,27,1.20557,4.108e-05,0,"Emission line wavelength(s) in region: [(1.20559, 'OH Line')] micron"
99,28,1.20065,0.00010117,1,"Emission line wavelength(s) in region: [(1.2007, 'OH Line')] micron"
100,28,1.2024,4.229e-05,1,"Emission line wavelength(s) in region: [(1.20243, 'OH Line')] micron"
101,28,1.20306,6.044e-05,1,"Emission line wavelength(s) in region: [(1.20309, 'OH Line')] micron"
102,28,1.20556,4.882e-05,1,"Emission line wavelength(s) in region: [(1.20559, 'OH Line')] micron"
103,28,1.21199,8.557e-05,1,"Emission line wavelength(s) in region: [(1.21202, 'OH Line'), (1.21206, 'OH Line')] micron"
104,28,1.21223,5.536e-05,1,"Emission line wavelength(s) in region: [(1.21226, 'OH Line')] micron"
105,28,1.21356,3.857e-05,1,"Emission line wavelength(s) in region: [(1.21358, 'OH Line')] micron"
106,29,1.21223,6.183e-05,1,"Emission line wavelength(s) in region: [(1.21226, 'OH Line')] micron"
107,29,1.21355,7.449e-05,1,"Emission line wavelength(s) in region: [(1.21357, 'OH Line'), (1.21361, 'OH Line')] micron"
108,29,1.21543,4.047e-05,0,"Emission line wavelength(s) in region: [(1.21545, 'OH Line')] micron"
109,29,1.21552,4.041e-05,1,"Emission line wavelength(s) in region: [(1.21554, 'OH Line')] micron"
110,29,1.22292,5.477e-05,1,"Emission line wavelength(s) in region: [(1.22295, 'OH Line')] micron"
111,30,1.22288,9.054e-05,1,"Emission line wavelength(s) in region: [(1.22293, 'OH Line')] micron"
112,30,1.22574,6.796e-05,1,"Emission line wavelength(s) in region: [(1.22577, 'OH Line')] micron"
113,30,1.22866,8.06e-05,1,"Emission line wavelength(s) in region: [(1.22868, 'OH Line'), (1.22872, 'OH Line')] micron"
114,30,1.23257,4.157e-05,1,"Emission line wavelength(s) in region: [(1.23259, 'OH Line')] micron"
115,30,1.2351,5.124e-05,1,"Emission line wavelength(s) in region: [(1.23513, 'OH Line')] micron"
116,30,1.23518,4.427e-05,1,"Emission line wavelength(s) in region: [(1.2352, 'OH Line')] micron"
117,31,1.23256,6.318e-05,1,"Emission line wavelength(s) in region: [(1.2326, 'OH Line')] micron"
118,31,1.23511,9.79e-05,1,"Emission line wavelength(s) in region: [(1.23513, 'OH Line'), (1.23519, 'OH Line')] micron"
119,31,1.24005,8.776e-05,1,"Emission line wavelength(s) in region: [(1.24009, 'OH Line')] micron"
120,31,1.24227,4.308e-05,1,"Emission line wavelength(s) in region: [(1.2423, 'OH Line')] micron"
121,31,1.24235,4.298e-05,1,"Emission line wavelength(s) in region: [(1.24237, 'OH Line')] micron"
122,31,1.24625,7.038e-05,1,"Emission line wavelength(s) in region: [(1.24628, 'OH Line')] micron"
123,32,1.24227,4.466e-05,0,"Emission line wavelength(s) in region: [(1.24229, 'OH Line')] micron"
124,32,1.24234,5.453e-05,0,"Emission line wavelength(s) in region: [(1.24237, 'OH Line')] micron"
125,32,1.24823,7.161e-05,0,"Emission line wavelength(s) in region: [(1.24825, 'OH Line'), (1.24829, 'OH Line')] micron"
126,32,1.25017,3.85e-05,1,"Emission line wavelength(s) in region: [(1.25019, 'OH Line')] micron"
127,32,1.25027,4.693e-05,1,"Emission line wavelength(s) in region: [(1.25029, 'OH Line')] micron"
128,32,1.25263,4.392e-05,0,"Emission line wavelength(s) in region: [(1.25265, 'O2 Line')] micron"
129,32,1.25418,5.686e-05,0,"Emission line wavelength(s) in region: [(1.2542, 'O2 Line'), (1.25422, 'O2 Line')] micron"
130,33,1.25578,4.325e-05,0,"Emission line wavelength(s) in region: [(1.25581, 'O2 Line')] micron"
131,33,1.25741,6.069e-05,0,"Emission line wavelength(s) in region: [(1.25744, 'O2 Line')] micron"
132,33,1.25882,4.085e-05,0,"Emission line wavelength(s) in region: [(1.25884, 'OH Line')] micron"
133,33,1.25894,4.074e-05,0,"Emission line wavelength(s) in region: [(1.25897, 'OH Line')] micron"
134,33,1.25907,4.063e-05,0,"Emission line wavelength(s) in region: [(1.2591, 'O2 Line')] micron"
135,33,1.25979,7.549e-05,1,"Emission line wavelength(s) in region: [(1.25983, 'O2 Line')] micron"
136,33,1.26045,3.063e-05,0,"Emission line wavelength(s) in region: [(1.26047, 'O2 Line')] micron"
137,33,1.26078,5.64e-05,0,"Emission line wavelength(s) in region: [(1.26081, 'O2 Line')] micron"
138,33,1.26112,3.873e-05,0,"Emission line wavelength(s) in region: [(1.26114, 'O2 Line')] micron"
139,33,1.26145,3.84e-05,0,"Emission line wavelength(s) in region: [(1.26147, 'O2 Line')] micron"
140,33,1.2618,4.65e-05,0,"Emission line wavelength(s) in region: [(1.26182, 'O2 Line')] micron"
141,33,1.26214,4.608e-05,0,"Emission line wavelength(s) in region: [(1.26217, 'O2 Line')] micron"
142,33,1.26252,5.388e-05,0,"Emission line wavelength(s) in region: [(1.26254, 'O2 Line')] micron"
143,33,1.26326,5.272e-05,0,"Emission line wavelength(s) in region: [(1.26329, 'O2 Line')] micron"
144,33,1.26425,4.325e-05,0,"Emission line wavelength(s) in region: [(1.26428, 'O2 Line')] micron"
145,33,1.26604,6.272e-05,0,"Emission line wavelength(s) in region: [(1.26608, 'O2 Line')] micron"
146,33,1.26653,4.707e-05,0,"Emission line wavelength(s) in region: [(1.26655, 'O2 Line'), (1.26655, 'O2 Line')] micron"
147,34,1.26604,5.394e-05,0,"Emission line wavelength(s) in region: [(1.26607, 'O2 Line'), (1.26608, 'O2 Line')] micron"
148,34,1.26741,4.315e-05,1,"Emission line wavelength(s) in region: [(1.26744, 'O2 Line')] micron"
149,34,1.26847,6.114e-05,0,"Emission line wavelength(s) in region: [(1.2685, 'O2 Line')] micron"
150,34,1.26856,8.919e-05,0,"Emission line wavelength(s) in region: [(1.2686, 'O2 Line')] micron"
151,34,1.26887,3.268e-05,1,"Emission line wavelength(s) in region: [(1.26889, 'O2 Line')] micron"
152,34,1.26908,5.113e-05,0,"Emission line wavelength(s) in region: [(1.26911, 'O2 Line')] micron"
153,34,1.26926,8.798e-05,1,"Emission line wavelength(s) in region: [(1.26928, 'O2 Line'), (1.26932, 'O2 Line')] micron"
154,34,1.26969,5.051e-05,1,"Emission line wavelength(s) in region: [(1.26972, 'O2 Line')] micron"
155,34,1.26984,4.119e-05,1,"Emission line wavelength(s) in region: [(1.26987, 'O2 Line')] micron"
156,34,1.27003,5.015e-05,1,"Emission line wavelength(s) in region: [(1.27006, 'O2 Line')] micron"
157,34,1.27011,4.097e-05,1,"Emission line wavelength(s) in region: [(1.27013, 'O2 Line')] micron"
158,34,1.2704,3.166e-05,0,"Emission line wavelength(s) in region: [(1.27042, 'O2 Line')] micron"
159,34,1.27068,4.945e-05,1,"Emission line wavelength(s) in region: [(1.2707, 'O2 Line')] micron"
160,34,1.27101,4.016e-05,1,"Emission line wavelength(s) in region: [(1.27103, 'O2 Line')] micron"
161,34,1.27168,4.83e-05,0,"Emission line wavelength(s) in region: [(1.27171, 'O2 Line')] micron"
162,34,1.272,4.793e-05,1,"Emission line wavelength(s) in region: [(1.27203, 'O2 Line')] micron"
163,34,1.27251,4.732e-05,1,"Emission line wavelength(s) in region: [(1.27254, 'O2 Line')] micron"
164,34,1.27272,3.851e-05,0,"Emission line wavelength(s) in region: [(1.27274, 'O2 Line')] micron"
165,34,1.27303,4.668e-05,1,"Emission line wavelength(s) in region: [(1.27305, 'O2 Line')] micron"
166,34,1.27377,4.574e-05,0,"Emission line wavelength(s) in region: [(1.27379, 'O2 Line')] micron"
167,34,1.27408,4.533e-05,1,"Emission line wavelength(s) in region: [(1.2741, 'O2 Line')] micron"
168,34,1.27444,4.485e-05,1,"Emission line wavelength(s) in region: [(1.27446, 'O2 Line')] micron"
169,34,1.27476,6.054e-05,1,"Emission line wavelength(s) in region: [(1.2748, 'OH Line')] micron"
170,34,1.27485,5.233e-05,1,"Emission line wavelength(s) in region: [(1.27488, 'O2 Line')] micron"
171,34,1.27499,5.212e-05,0,"Emission line wavelength(s) in region: [(1.27501, 'OH Line')] micron"
172,34,1.27517,4.386e-05,0,"Emission line wavelength(s) in region: [(1.27519, 'O2 Line')] micron"
173,34,1.27525,6.758e-05,0,"Emission line wavelength(s) in region: [(1.27528, 'OH Line')] micron"
174,34,1.27597,4.271e-05,1,"Emission line wavelength(s) in region: [(1.27599, 'O2 Line')] micron"
175,34,1.27608,2.708e-05,0,"Emission line wavelength(s) in region: [(1.27609, 'Blended OH and O2')] micron"
176,34,1.27627,4.227e-05,0,"Emission line wavelength(s) in region: [(1.27629, 'O2 Line')] micron"
177,34,1.27637,0.00010325,1,"Emission line wavelength(s) in region: [(1.27643, 'OH Line')] micron"
178,34,1.2771,4.101e-05,1,"Emission line wavelength(s) in region: [(1.27712, 'O2 Line')] micron"
179,34,1.27741,4.053e-05,1,"Emission line wavelength(s) in region: [(1.27743, 'Blended OH and O2')] micron"
180,34,1.27768,6.923e-05,0,"Emission line wavelength(s) in region: [(1.27771, 'OH Line')] micron"
181,34,1.27822,7.126e-05,1,"Emission line wavelength(s) in region: [(1.27825, 'OH Line'), (1.27826, 'O2 Line')] micron"
182,34,1.27838,4.602e-05,0,"Emission line wavelength(s) in region: [(1.27841, 'O2 Line')] micron"
183,34,1.27857,3.161e-05,0,"Emission line wavelength(s) in region: [(1.27859, 'O2 Line')] micron"
184,35,1.27445,4.624e-05,0,"Emission line wavelength(s) in region: [(1.27447, 'O2 Line')] micron"
185,35,1.27485,5.623e-05,0,"Emission line wavelength(s) in region: [(1.27488, 'O2 Line')] micron"
186,35,1.27524,6.103e-05,0,"Emission line wavelength(s) in region: [(1.27527, 'OH Line'), (1.27528, 'OH Line')] micron"
187,35,1.27596,4.534e-05,0,"Emission line wavelength(s) in region: [(1.27599, 'O2 Line')] micron"
188,35,1.27637,0.00014514,0,"Emission line wavelength(s) in region: [(1.27645, 'OH Line')] micron"
189,35,1.2771,4.459e-05,0,"Emission line wavelength(s) in region: [(1.27713, 'O2 Line')] micron"
190,35,1.2774,4.439e-05,0,"Emission line wavelength(s) in region: [(1.27743, 'Blended OH and O2')] micron"
191,35,1.27768,5.401e-05,0,"Emission line wavelength(s) in region: [(1.27771, 'OH Line')] micron"
192,35,1.27821,8.273e-05,1,"Emission line wavelength(s) in region: [(1.27826, 'O2 Line')] micron"
193,35,1.27838,5.339e-05,1,"Emission line wavelength(s) in region: [(1.27841, 'O2 Line')] micron"
194,35,1.27856,6.291e-05,1,"Emission line wavelength(s) in region: [(1.27859, 'O2 Line')] micron"
195,35,1.27946,5.239e-05,1,"Emission line wavelength(s) in region: [(1.27948, 'O2 Line')] micron"
196,35,1.27975,5.211e-05,1,"Emission line wavelength(s) in region: [(1.27978, 'O2 Line')] micron"
197,35,1.28013,4.233e-05,1,"Emission line wavelength(s) in region: [(1.28016, 'OH Line')] micron"
198,35,1.2804,5.146e-05,1,"Emission line wavelength(s) in region: [(1.28042, 'O2 Line')] micron"
199,35,1.28067,5.118e-05,1,"Emission line wavelength(s) in region: [(1.2807, 'O2 Line')] micron"
200,35,1.28097,5.087e-05,0,"Emission line wavelength(s) in region: [(1.281, 'O2 Line')] micron"
201,35,1.28192,4.079e-05,0,"Emission line wavelength(s) in region: [(1.28194, 'O2 Line')] micron"
202,35,1.28244,4.926e-05,1,"Emission line wavelength(s) in region: [(1.28247, 'O2 Line')] micron"
203,35,1.28343,4.811e-05,1,"Emission line wavelength(s) in region: [(1.28346, 'OH Line')] micron"
204,35,1.28453,5.527e-05,1,"Emission line wavelength(s) in region: [(1.28456, 'OH Line')] micron"
205,35,1.28664,4.395e-05,1,"Emission line wavelength(s) in region: [(1.28666, 'O2 Line')] micron"
206,35,1.28878,4.075e-05,0,"Emission line wavelength(s) in region: [(1.28881, 'O2 Line')] micron"
207,35,1.29035,3.123e-05,0,"Emission line wavelength(s) in region: [(1.29037, 'OH Line')] micron"
208,35,1.29054,5.845e-05,1,"Emission line wavelength(s) in region: [(1.29057, 'OH Line')] micron"
209,36,1.28663,5.641e-05,0,"Emission line wavelength(s) in region: [(1.28667, 'O2 Line')] micron"
210,36,1.28878,4.478e-05,0,"Emission line wavelength(s) in region: [(1.2888, 'O2 Line')] micron"
211,36,1.29031,7.275e-05,1,"Emission line wavelength(s) in region: [(1.29034, 'OH Line'), (1.29037, 'OH Line')] micron"
212,36,1.29054,6.28e-05,1,"Emission line wavelength(s) in region: [(1.29057, 'OH Line')] micron"
213,36,1.29152,6.168e-05,0,"Emission line wavelength(s) in region: [(1.29155, 'OH Line')] micron"
214,36,1.29207,8.446e-05,1,"Emission line wavelength(s) in region: [(1.2921, 'OH Line'), (1.29213, 'OH Line')] micron"
215,36,1.29425,4.926e-05,1,"Emission line wavelength(s) in region: [(1.29428, 'OH Line')] micron"
216,36,1.29434,4.022e-05,1,"Emission line wavelength(s) in region: [(1.29436, 'OH Line')] micron"
217,36,1.29711,4.571e-05,0,"Emission line wavelength(s) in region: [(1.29714, 'OH Line')] micron"
218,36,1.29728,2.895e-05,0,"Emission line wavelength(s) in region: [(1.29729, 'OH Line')] micron"
219,36,1.29852,9.141e-05,1,"Emission line wavelength(s) in region: [(1.29857, 'OH Line')] micron"
220,36,1.30199,0.00033867,0,"Emission line wavelength(s) in region: [(1.30217, 'OH Line')] micron"
221,37,1.30129,3.462e-05,0,"Emission line wavelength(s) in region: [(1.30131, 'OH Line')] micron"
222,37,1.3021,9.263e-05,1,"Emission line wavelength(s) in region: [(1.30215, 'OH Line')] micron"
223,37,1.30524,7.792e-05,1,"Emission line wavelength(s) in region: [(1.30528, 'OH Line')] micron"
224,37,1.30842,0.00018176,1,"Emission line wavelength(s) in region: [(1.30851, 'OH Line'), (1.30855, 'OH Line')] micron"
225,37,1.31276,4.754e-05,1,"Emission line wavelength(s) in region: [(1.31278, 'OH Line')] micron"
226,38,1.3085,2.655e-05,0,"Emission line wavelength(s) in region: [(1.3085, 'OH Line')] micron"
227,38,1.30854,2.654e-05,1,"Emission line wavelength(s) in region: [(1.30854, 'OH Line'), (1.30855, 'OH Line')] micron"
228,38,1.31276,4.514e-05,1,"Emission line wavelength(s) in region: [(1.31278, 'OH Line')] micron"
229,38,1.31562,0.00010482,1,"Emission line wavelength(s) in region: [(1.31565, 'OH Line'), (1.31571, 'OH Line')] micron"
230,38,1.32104,7.943e-05,1,"Emission line wavelength(s) in region: [(1.32108, 'OH Line')] micron"
231,38,1.32223,0.0001168,0,"Emission line wavelength(s) in region: [(1.32229, 'OH Line')] micron"
232,38,1.32359,5.002e-05,1,"Emission line wavelength(s) in region: [(1.32361, 'OH Line')] micron"
233,38,1.32368,4.22e-05,1,"Emission line wavelength(s) in region: [(1.3237, 'OH Line')] micron"
234,39,1.32104,7.985e-05,0,"Emission line wavelength(s) in region: [(1.32108, 'OH Line')] micron"
235,39,1.32358,4.636e-05,1,"Emission line wavelength(s) in region: [(1.32361, 'OH Line')] micron"
236,39,1.32367,5.66e-05,1,"Emission line wavelength(s) in region: [(1.3237, 'OH Line')] micron"
237,39,1.3264,4.432e-05,0,"Emission line wavelength(s) in region: [(1.32642, 'Unknown Species')] micron"
238,39,1.33017,5.927e-05,1,"Emission line wavelength(s) in region: [(1.3302, 'OH Line')] micron"
239,39,1.3324,3.88e-05,1,"Emission line wavelength(s) in region: [(1.33242, 'OH Line')] micron"
240,39,1.33249,5.587e-05,0,"Emission line wavelength(s) in region: [(1.33253, 'OH Line')] micron"
241,40,1.34006,6.292e-05,0,"Emission line wavelength(s) in region: [(1.34009, 'OH Line')] micron"
242,40,1.34221,4.166e-05,1,"Emission line wavelength(s) in region: [(1.34223, 'OH Line')] micron"
243,41,1.35279,7.293e-05,0,"Emission line wavelength(s) in region: [(1.35282, 'OH Line')] micron"
244,43,1.41028,4.058e-05,0,"Emission line wavelength(s) in region: [(1.4103, 'OH Line')] micron"
245,43,1.41333,0.00016032,0,"Emission line wavelength(s) in region: [(1.41342, 'OH Line')] micron"
246,43,1.41628,3.317e-05,0,"Emission line wavelength(s) in region: [(1.4163, 'OH Line')] micron"
247,44,1.41624,0.00014919,1,"Emission line wavelength(s) in region: [(1.41629, 'OH Line'), (1.41633, 'OH Line')] micron"
248,44,1.42654,0.0001694,0,"Emission line wavelength(s) in region: [(1.42663, 'OH Line'), (1.42666, 'OH Line')] micron"
249,44,1.42921,6.571e-05,0,"Emission line wavelength(s) in region: [(1.42924, 'OH Line')] micron"
250,45,1.42921,4.919e-05,0,"Emission line wavelength(s) in region: [(1.42923, 'OH Line')] micron"
251,45,1.42932,6.001e-05,0,"Emission line wavelength(s) in region: [(1.42935, 'OH Line')] micron"
252,45,1.4342,5.526e-05,1,"Emission line wavelength(s) in region: [(1.43423, 'OH Line')] micron"
253,45,1.4356,5.369e-05,1,"Emission line wavelength(s) in region: [(1.43563, 'OH Line')] micron"
254,45,1.43568,5.359e-05,1,"Emission line wavelength(s) in region: [(1.43571, 'OH Line')] micron"
255,45,1.43733,4.223e-05,0,"Emission line wavelength(s) in region: [(1.43735, 'OH Line')] micron"
256,45,1.44023,5.639e-05,1,"Emission line wavelength(s) in region: [(1.44026, 'OH Line')] micron"
257,46,1.45186,9.9e-05,1,"Emission line wavelength(s) in region: [(1.45188, 'OH Line'), (1.45193, 'OH Line')] micron"
258,46,1.45253,4.175e-05,0,"Emission line wavelength(s) in region: [(1.45256, 'OH Line')] micron"
259,46,1.45637,5.387e-05,1,"Emission line wavelength(s) in region: [(1.4564, 'OH Line')] micron"
260,47,1.45637,6.262e-05,1,"Emission line wavelength(s) in region: [(1.4564, 'OH Line')] micron"
261,47,1.46042,0.00011814,1,"Emission line wavelength(s) in region: [(1.46045, 'OH Line'), (1.46051, 'OH Line')] micron"
262,47,1.46647,8.1e-05,1,"Emission line wavelength(s) in region: [(1.46651, 'OH Line')] micron"
263,47,1.46977,5.669e-05,1,"Emission line wavelength(s) in region: [(1.4698, 'OH Line')] micron"
264,47,1.46986,5.654e-05,1,"Emission line wavelength(s) in region: [(1.46989, 'OH Line')] micron"
265,47,1.47016,0.00012912,0,"Emission line wavelength(s) in region: [(1.47019, 'OH Line'), (1.47025, 'OH Line'), (1.47026, 'OH Line')] micron"
266,48,1.46977,5.261e-05,0,"Emission line wavelength(s) in region: [(1.4698, 'OH Line')] micron"
267,48,1.46985,6.424e-05,1,"Emission line wavelength(s) in region: [(1.46988, 'OH Line')] micron"
268,48,1.47395,0.00011073,1,"Emission line wavelength(s) in region: [(1.47398, 'OH Line'), (1.47403, 'OH Line')] micron"
269,48,1.47553,0.00010265,0,"Emission line wavelength(s) in region: [(1.47558, 'OH Line')] micron"
270,48,1.4772,7.876e-05,1,"Emission line wavelength(s) in region: [(1.47722, 'OH Line'), (1.47726, 'OH Line')] micron"
271,48,1.47832,9.767e-05,1,"Emission line wavelength(s) in region: [(1.47835, 'OH Line'), (1.4784, 'OH Line')] micron"
272,48,1.4799,5.477e-05,1,"Emission line wavelength(s) in region: [(1.47993, 'OH Line')] micron"
273,48,1.48001,5.464e-05,1,"Emission line wavelength(s) in region: [(1.48004, 'OH Line')] micron"
274,48,1.48054,8.345e-05,0,"Emission line wavelength(s) in region: [(1.48058, 'OH Line')] micron"
275,48,1.48326,8.265e-05,1,"Emission line wavelength(s) in region: [(1.48329, 'OH Line'), (1.48333, 'OH Line')] micron"
276,48,1.48641,5.431e-05,1,"Emission line wavelength(s) in region: [(1.48644, 'OH Line')] micron"
277,48,1.48869,0.00011876,0,"Emission line wavelength(s) in region: [(1.48875, 'OH Line')] micron"
278,49,1.48641,5.22e-05,1,"Emission line wavelength(s) in region: [(1.48644, 'OH Line')] micron"
279,49,1.48855,0.00025901,1,"Emission line wavelength(s) in region: [(1.48858, 'OH Line'), (1.48865, 'OH Line'), (1.48875, 'OH Line')] micron"
280,49,1.4908,4.905e-05,1,"Emission line wavelength(s) in region: [(1.49083, 'OH Line')] micron"
281,49,1.49095,4.893e-05,1,"Emission line wavelength(s) in region: [(1.49097, 'OH Line')] micron"
282,49,1.49266,0.00014242,0,"Emission line wavelength(s) in region: [(1.49273, 'Unknown Species')] micron"
283,49,1.49315,7.846e-05,1,"Emission line wavelength(s) in region: [(1.49319, 'OH Line')] micron"
284,49,1.50249,4.52e-05,0,"Emission line wavelength(s) in region: [(1.50251, 'OH Line')] micron"
285,50,1.50523,0.00011747,1,"Emission line wavelength(s) in region: [(1.50526, 'OH Line'), (1.50532, 'OH Line')] micron"
286,50,1.5055,0.00010586,1,"Emission line wavelength(s) in region: [(1.50555, 'OH Line')] micron"
287,50,1.50632,4.953e-05,1,"Emission line wavelength(s) in region: [(1.50634, 'OH Line')] micron"
288,50,1.50643,4.944e-05,1,"Emission line wavelength(s) in region: [(1.50646, 'OH Line')] micron"
289,50,1.50683,6.003e-05,1,"Emission line wavelength(s) in region: [(1.50686, 'OH Line')] micron"
290,50,1.50691,4.905e-05,1,"Emission line wavelength(s) in region: [(1.50693, 'OH Line')] micron"
291,50,1.50814,5.869e-05,0,"Emission line wavelength(s) in region: [(1.50817, 'OH Line')] micron"
292,50,1.50871,5.809e-05,1,"Emission line wavelength(s) in region: [(1.50874, 'OH Line')] micron"
293,50,1.50889,5.789e-05,1,"Emission line wavelength(s) in region: [(1.50892, 'OH Line')] micron"
294,50,1.51118,5.528e-05,1,"Emission line wavelength(s) in region: [(1.51121, 'OH Line')] micron"
295,50,1.5115,5.489e-05,1,"Emission line wavelength(s) in region: [(1.51153, 'OH Line')] micron"
296,50,1.51439,6.049e-05,0,"Emission line wavelength(s) in region: [(1.51442, 'Unknown Species')] micron"
297,50,1.51475,8.75e-05,0,"Emission line wavelength(s) in region: [(1.5148, 'OH Line')] micron"
298,50,1.51864,0.0001302,0,"Emission line wavelength(s) in region: [(1.5187, 'OH Line'), (1.51875, 'OH Line')] micron"
299,51,1.51842,0.00057231,0,"Emission line wavelength(s) in region: [(1.51871, 'OH Line')] micron"
300,51,1.52404,0.00019897,1,"Emission line wavelength(s) in region: [(1.52414, 'OH Line')] micron"
301,51,1.52824,4.451e-05,0,"Emission line wavelength(s) in region: [(1.52827, 'OH Line')] micron"
302,51,1.52875,5.376e-05,1,"Emission line wavelength(s) in region: [(1.52878, 'OH Line')] micron"
303,51,1.53106,8.748e-05,0,"Emission line wavelength(s) in region: [(1.53111, 'OH Line')] micron"
304,51,1.53318,0.0001166,1,"Emission line wavelength(s) in region: [(1.53321, 'OH Line'), (1.53327, 'OH Line')] micron"
305,52,1.53317,0.00012628,1,"Emission line wavelength(s) in region: [(1.53321, 'OH Line'), (1.53327, 'OH Line')] micron"
306,52,1.53765,3.971e-05,0,"Emission line wavelength(s) in region: [(1.53767, 'OH Line')] micron"
307,52,1.53917,7.198e-05,0,"Emission line wavelength(s) in region: [(1.53921, 'OH Line')] micron"
308,52,1.53949,8.26e-05,1,"Emission line wavelength(s) in region: [(1.53953, 'OH Line')] micron"
309,52,1.54158,0.00011137,0,"Emission line wavelength(s) in region: [(1.54164, 'Unknown Species')] micron"
310,52,1.54262,6.757e-05,0,"Emission line wavelength(s) in region: [(1.54266, 'OH Line')] micron"
311,52,1.54294,5.681e-05,0,"Emission line wavelength(s) in region: [(1.54298, 'OH Line')] micron"
312,52,1.54314,5.658e-05,1,"Emission line wavelength(s) in region: [(1.54317, 'OH Line')] micron"
313,52,1.54323,5.647e-05,1,"Emission line wavelength(s) in region: [(1.54326, 'OH Line')] micron"
314,52,1.54384,8.612e-05,0,"Emission line wavelength(s) in region: [(1.54386, 'OH Line'), (1.5439, 'OH Line')] micron"
315,52,1.54616,0.0001103,1,"Emission line wavelength(s) in region: [(1.54618, 'OH Line'), (1.54624, 'OH Line')] micron"
316,52,1.54678,5.195e-05,0,"Emission line wavelength(s) in region: [(1.54681, 'OH Line')] micron"
317,52,1.54737,9.291e-05,0,"Emission line wavelength(s) in region: [(1.5474, 'OH Line'), (1.54745, 'OH Line')] micron"
318,52,1.54878,4.909e-05,0,"Emission line wavelength(s) in region: [(1.54881, 'OH Line')] micron"
319,52,1.54886,4.898e-05,0,"Emission line wavelength(s) in region: [(1.54888, 'OH Line')] micron"
320,52,1.55002,0.00011571,1,"Emission line wavelength(s) in region: [(1.55005, 'OH Line'), (1.55011, 'OH Line')] micron"
321,52,1.55093,9.556e-05,1,"Emission line wavelength(s) in region: [(1.55096, 'OH Line'), (1.551, 'OH Line')] micron"
322,52,1.55175,3.631e-05,0,"Emission line wavelength(s) in region: [(1.55177, 'OH Line')] micron"
323,53,1.55002,0.0001149,1,"Emission line wavelength(s) in region: [(1.55006, 'OH Line'), (1.55012, 'OH Line')] micron"
324,53,1.55092,0.00010771,1,"Emission line wavelength(s) in region: [(1.55095, 'OH Line'), (1.551, 'OH Line')] micron"
325,53,1.55317,6.392e-05,0,"Emission line wavelength(s) in region: [(1.55321, 'Unknown Species')] micron"
326,53,1.55394,5.173e-05,1,"Emission line wavelength(s) in region: [(1.55397, 'OH Line')] micron"
327,53,1.55406,6.311e-05,1,"Emission line wavelength(s) in region: [(1.55409, 'OH Line')] micron"
328,53,1.55456,9.677e-05,1,"Emission line wavelength(s) in region: [(1.55459, 'OH Line'), (1.55464, 'OH Line')] micron"
329,53,1.55697,9.304e-05,1,"Emission line wavelength(s) in region: [(1.55702, 'OH Line')] micron"
330,53,1.55807,4.83e-05,0,"Emission line wavelength(s) in region: [(1.55809, 'OH Line')] micron"
331,53,1.55972,8.83e-05,1,"Emission line wavelength(s) in region: [(1.55974, 'OH Line'), (1.55978, 'OH Line')] micron"
332,53,1.56122,7.543e-05,0,"Emission line wavelength(s) in region: [(1.56126, 'OH Line')] micron"
333,53,1.56307,0.00012019,1,"Emission line wavelength(s) in region: [(1.5631, 'OH Line'), (1.56316, 'OH Line')] micron"
334,53,1.56545,0.00011252,1,"Emission line wavelength(s) in region: [(1.56551, 'OH Line')] micron"
335,53,1.56558,5.832e-05,1,"Emission line wavelength(s) in region: [(1.56562, 'OH Line')] micron"
336,53,1.56575,5.803e-05,1,"Emission line wavelength(s) in region: [(1.56578, 'OH Line')] micron"
337,54,1.56532,0.00032889,1,"Emission line wavelength(s) in region: [(1.5655, 'OH Line'), (1.56561, 'O2 Line')] micron"
338,54,1.56571,9.281e-05,1,"Emission line wavelength(s) in region: [(1.56577, 'OH Line')] micron"
339,54,1.57015,0.00014058,1,"Emission line wavelength(s) in region: [(1.57025, 'OH Line')] micron"
340,54,1.57375,9.42e-05,0,"Emission line wavelength(s) in region: [(1.57381, 'O2 Line')] micron"
341,54,1.57389,8.292e-05,0,"Emission line wavelength(s) in region: [(1.57395, 'O2 Line')] micron"
342,54,1.57461,9.277e-05,0,"Emission line wavelength(s) in region: [(1.57468, 'O2 Line')] micron"
343,54,1.57512,9.19e-05,0,"Emission line wavelength(s) in region: [(1.57519, 'O2 Line')] micron"
344,54,1.57593,0.00018085,1,"Emission line wavelength(s) in region: [(1.57599, 'OH Line'), (1.57608, 'OH Line')] micron"
345,54,1.57649,9.475e-05,1,"Emission line wavelength(s) in region: [(1.57656, 'O2 Line')] micron"
346,54,1.57673,5.765e-05,0,"Emission line wavelength(s) in region: [(1.57677, 'O2 Line')] micron"
347,54,1.57738,0.00010851,0,"Emission line wavelength(s) in region: [(1.57746, 'O2 Line')] micron"
348,54,1.57791,7.155e-05,1,"Emission line wavelength(s) in region: [(1.57796, 'O2 Line')] micron"
349,54,1.57805,8.658e-05,1,"Emission line wavelength(s) in region: [(1.57812, 'OH Line')] micron"
350,54,1.57824,9.129e-05,1,"Emission line wavelength(s) in region: [(1.57831, 'OH Line')] micron"
351,54,1.57928,0.00010396,0,"Emission line wavelength(s) in region: [(1.57935, 'O2 Line')] micron"
352,54,1.58063,0.00022931,0,"Emission line wavelength(s) in region: [(1.58079, 'O2 Line')] micron"
353,54,1.58293,0.00016123,1,"Emission line wavelength(s) in region: [(1.583, 'OH Line'), (1.58307, 'OH Line')] micron"
354,54,1.58322,0.00015983,1,"Emission line wavelength(s) in region: [(1.58333, 'OH Line')] micron"
355,54,1.58412,9.924e-05,1,"Emission line wavelength(s) in region: [(1.58419, 'OH Line')] micron"
356,54,1.58424,9.885e-05,1,"Emission line wavelength(s) in region: [(1.58431, 'OH Line')] micron"
357,54,1.58471,0.00016895,1,"Emission line wavelength(s) in region: [(1.58476, 'OH Line'), (1.58485, 'OH Line')] micron"
358,55,1.58295,0.00014989,1,"Emission line wavelength(s) in region: [(1.583, 'OH Line'), (1.58306, 'OH Line')] micron"
359,55,1.58326,0.00014318,1,"Emission line wavelength(s) in region: [(1.58333, 'OH Line')] micron"
360,55,1.58416,6.782e-05,0,"Emission line wavelength(s) in region: [(1.5842, 'OH Line')] micron"
361,55,1.58427,6.774e-05,0,"Emission line wavelength(s) in region: [(1.5843, 'OH Line')] micron"
362,55,1.58473,0.00014694,1,"Emission line wavelength(s) in region: [(1.58477, 'OH Line'), (1.58485, 'OH Line')] micron"
363,55,1.58616,5.417e-05,0,"Emission line wavelength(s) in region: [(1.58619, 'OH Line')] micron"
364,55,1.5868,6.565e-05,1,"Emission line wavelength(s) in region: [(1.58684, 'OH Line')] micron"
365,55,1.58699,6.548e-05,1,"Emission line wavelength(s) in region: [(1.58702, 'OH Line')] micron"
366,55,1.58722,6.528e-05,0,"Emission line wavelength(s) in region: [(1.58726, 'O2 Line')] micron"
367,55,1.58821,7.608e-05,0,"Emission line wavelength(s) in region: [(1.58825, 'O2 Line')] micron"
368,55,1.58953,6.311e-05,1,"Emission line wavelength(s) in region: [(1.58957, 'OH Line')] micron"
369,55,1.58975,5.146e-05,0,"Emission line wavelength(s) in region: [(1.58978, 'OH Line')] micron"
370,55,1.58985,6.279e-05,1,"Emission line wavelength(s) in region: [(1.58989, 'OH Line')] micron"
371,55,1.59017,8.518e-05,0,"Emission line wavelength(s) in region: [(1.59021, 'Blended OH and O2')] micron"
372,55,1.59144,6.115e-05,0,"Emission line wavelength(s) in region: [(1.59148, 'OH Line')] micron"
373,55,1.59168,6.09e-05,0,"Emission line wavelength(s) in region: [(1.59171, 'OH Line')] micron"
374,55,1.59246,8.187e-05,0,"Emission line wavelength(s) in region: [(1.5925, 'Blended OH and O2')] micron"
375,55,1.59292,8.117e-05,0,"Emission line wavelength(s) in region: [(1.59296, 'OH Line')] micron"
376,55,1.59344,5.894e-05,0,"Emission line wavelength(s) in region: [(1.59347, 'OH Line')] micron"
377,55,1.5972,0.00014295,1,"Emission line wavelength(s) in region: [(1.59728, 'OH Line')] micron"
378,55,1.60304,8.268e-05,1,"Emission line wavelength(s) in region: [(1.60307, 'OH Line'), (1.6031, 'OH Line')] micron"
379,56,1.60297,0.00026376,1,"Emission line wavelength(s) in region: [(1.6031, 'OH Line')] micron"
380,56,1.60567,7.705e-05,0,"Emission line wavelength(s) in region: [(1.60571, 'OH Line')] micron"
381,56,1.60596,5.313e-05,0,"Emission line wavelength(s) in region: [(1.60599, 'OH Line')] micron"
382,56,1.60735,7.514e-05,0,"Emission line wavelength(s) in region: [(1.60739, 'OH Line')] micron"
383,56,1.60794,6.3e-05,1,"Emission line wavelength(s) in region: [(1.60798, 'OH Line')] micron"
384,56,1.6128,0.00012031,1,"Emission line wavelength(s) in region: [(1.61283, 'OH Line'), (1.61289, 'OH Line')] micron"
385,56,1.61591,0.00012157,0,"Emission line wavelength(s) in region: [(1.61597, 'OH Line')] micron"
386,56,1.61942,7.465e-05,1,"Emission line wavelength(s) in region: [(1.61946, 'OH Line')] micron"
387,56,1.62082,5.44e-05,0,"Emission line wavelength(s) in region: [(1.62084, 'OH Line')] micron"
388,57,1.61941,9.474e-05,1,"Emission line wavelength(s) in region: [(1.61946, 'OH Line')] micron"
389,57,1.62297,6.654e-05,0,"Emission line wavelength(s) in region: [(1.623, 'OH Line')] micron"
390,57,1.62345,6.61e-05,1,"Emission line wavelength(s) in region: [(1.62349, 'OH Line')] micron"
391,57,1.62355,6.601e-05,1,"Emission line wavelength(s) in region: [(1.62359, 'OH Line')] micron"
392,57,1.6245,0.00015382,0,"Emission line wavelength(s) in region: [(1.62453, 'OH Line'), (1.62458, 'OH Line'), (1.62463, 'OH Line')] micron"
393,57,1.62519,0.00012885,0,"Emission line wavelength(s) in region: [(1.62524, 'OH Line'), (1.6253, 'OH Line')] micron"
394,57,1.62591,6.375e-05,0,"Emission line wavelength(s) in region: [(1.62594, 'OH Line')] micron"
395,57,1.62695,0.00014802,0,"Emission line wavelength(s) in region: [(1.627, 'OH Line'), (1.62707, 'OH Line')] micron"
396,57,1.62791,0.00012322,0,"Emission line wavelength(s) in region: [(1.62794, 'OH Line'), (1.628, 'OH Line')] micron"
397,57,1.63017,0.00011807,1,"Emission line wavelength(s) in region: [(1.6302, 'OH Line'), (1.63026, 'OH Line')] micron"
398,57,1.63031,8.03e-05,0,"Emission line wavelength(s) in region: [(1.63036, 'OH Line')] micron"
399,57,1.63071,5.842e-05,0,"Emission line wavelength(s) in region: [(1.63075, 'OH Line')] micron"
400,57,1.63079,5.833e-05,0,"Emission line wavelength(s) in region: [(1.63082, 'OH Line')] micron"
401,57,1.6315,0.0001044,0,"Emission line wavelength(s) in region: [(1.63153, 'OH Line'), (1.63158, 'OH Line')] micron"
402,57,1.63166,0.00010403,1,"Emission line wavelength(s) in region: [(1.63169, 'OH Line'), (1.63174, 'OH Line')] micron"
403,57,1.63412,0.00011285,1,"Emission line wavelength(s) in region: [(1.63415, 'OH Line'), (1.6342, 'OH Line')] micron"
404,57,1.63504,5.272e-05,1,"Emission line wavelength(s) in region: [(1.63507, 'OH Line')] micron"
405,57,1.63517,5.253e-05,1,"Emission line wavelength(s) in region: [(1.6352, 'OH Line')] micron"
406,57,1.63565,4.241e-05,0,"Emission line wavelength(s) in region: [(1.63567, 'OH Line')] micron"
407,57,1.636,7.461e-05,1,"Emission line wavelength(s) in region: [(1.63602, 'OH Line'), (1.63606, 'OH Line')] micron"
408,57,1.63636,4.154e-05,0,"Emission line wavelength(s) in region: [(1.63638, 'OH Line')] micron"
409,57,1.63646,5.062e-05,0,"Emission line wavelength(s) in region: [(1.63649, 'OH Line')] micron"
410,57,1.63686,6.817e-05,0,"Emission line wavelength(s) in region: [(1.6369, 'OH Line')] micron"
411,57,1.63879,0.00011924,1,"Emission line wavelength(s) in region: [(1.63883, 'OH Line'), (1.63888, 'OH Line')] micron"
412,58,1.63878,0.00011362,1,"Emission line wavelength(s) in region: [(1.63882, 'OH Line'), (1.63887, 'OH Line')] micron"
413,58,1.64145,9.162e-05,1,"Emission line wavelength(s) in region: [(1.6415, 'OH Line')] micron"
414,58,1.64414,0.00011749,1,"Emission line wavelength(s) in region: [(1.64418, 'OH Line'), (1.64424, 'OH Line')] micron"
415,58,1.64469,0.00012812,1,"Emission line wavelength(s) in region: [(1.64473, 'OH Line'), (1.6448, 'OH Line')] micron"
416,58,1.64545,7.482e-05,0,"Emission line wavelength(s) in region: [(1.64549, 'OH Line')] micron"
417,58,1.64753,6.103e-05,1,"Emission line wavelength(s) in region: [(1.64757, 'OH Line')] micron"
418,58,1.6477,6.084e-05,1,"Emission line wavelength(s) in region: [(1.64773, 'OH Line')] micron"
419,58,1.64788,6.064e-05,1,"Emission line wavelength(s) in region: [(1.64791, 'OH Line')] micron"
420,58,1.65017,0.00016295,1,"Emission line wavelength(s) in region: [(1.65025, 'OH Line')] micron"
421,58,1.65277,4.456e-05,0,"Emission line wavelength(s) in region: [(1.6528, 'OH Line')] micron"
422,58,1.65387,7.213e-05,0,"Emission line wavelength(s) in region: [(1.65391, 'OH Line')] micron"
423,58,1.65427,7.132e-05,0,"Emission line wavelength(s) in region: [(1.65431, 'OH Line')] micron"
424,58,1.65535,9.674e-05,1,"Emission line wavelength(s) in region: [(1.6554, 'OH Line')] micron"
425,59,1.65533,9.803e-05,1,"Emission line wavelength(s) in region: [(1.65539, 'OH Line')] micron"
426,59,1.65854,6.944e-05,0,"Emission line wavelength(s) in region: [(1.65857, 'OH Line')] micron"
427,59,1.65864,8.195e-05,1,"Emission line wavelength(s) in region: [(1.65869, 'OH Line')] micron"
428,59,1.66049,9.236e-05,0,"Emission line wavelength(s) in region: [(1.66054, 'Unknown Species')] micron"
429,59,1.66097,5.508e-05,1,"Emission line wavelength(s) in region: [(1.661, 'OH Line')] micron"
430,59,1.66117,6.713e-05,1,"Emission line wavelength(s) in region: [(1.66121, 'OH Line')] micron"
431,59,1.66663,7.825e-05,0,"Emission line wavelength(s) in region: [(1.66666, 'OH Line'), (1.66668, 'OH Line')] micron"
432,59,1.66885,0.00012829,1,"Emission line wavelength(s) in region: [(1.66889, 'OH Line'), (1.66896, 'OH Line')] micron"
433,59,1.66918,0.0001115,1,"Emission line wavelength(s) in region: [(1.66924, 'OH Line')] micron"
434,59,1.67017,6.755e-05,1,"Emission line wavelength(s) in region: [(1.67021, 'OH Line')] micron"
435,59,1.67029,6.738e-05,1,"Emission line wavelength(s) in region: [(1.67032, 'OH Line')] micron"
436,59,1.67067,0.00050087,1,"Emission line wavelength(s) in region: [(1.67093, 'OH Line'), (1.67093, 'OH Line')] micron"
437,59,1.67119,4.568e-05,0,"Emission line wavelength(s) in region: [(1.67121, 'OH Line')] micron"
438,59,1.67179,5.501e-05,0,"Emission line wavelength(s) in region: [(1.67182, 'OH Line')] micron"
439,59,1.67186,5.49e-05,1,"Emission line wavelength(s) in region: [(1.67189, 'OH Line')] micron"
440,59,1.67231,0.00012323,0,"Emission line wavelength(s) in region: [(1.67235, 'OH Line'), (1.67241, 'OH Line')] micron"
441,59,1.67251,6.38e-05,0,"Emission line wavelength(s) in region: [(1.67254, 'OH Line')] micron"
442,59,1.67312,6.276e-05,1,"Emission line wavelength(s) in region: [(1.67316, 'OH Line')] micron"
443,59,1.67327,0.00010092,1,"Emission line wavelength(s) in region: [(1.6733, 'OH Line'), (1.67334, 'OH Line')] micron"
444,59,1.6734,6.228e-05,0,"Emission line wavelength(s) in region: [(1.67343, 'OH Line')] micron"
445,59,1.67535,6.779e-05,0,"Emission line wavelength(s) in region: [(1.67538, 'OH Line')] micron"
446,59,1.67559,6.726e-05,0,"Emission line wavelength(s) in region: [(1.67562, 'OH Line')] micron"
447,59,1.67614,9.241e-05,1,"Emission line wavelength(s) in region: [(1.67619, 'OH Line')] micron"
448,60,1.67615,7.151e-05,0,"Emission line wavelength(s) in region: [(1.67619, 'OH Line')] micron"
449,60,1.67649,7.125e-05,0,"Emission line wavelength(s) in region: [(1.67653, 'OH Line')] micron"
450,60,1.68045,8.02e-05,1,"Emission line wavelength(s) in region: [(1.6805, 'OH Line')] micron"
451,60,1.68398,0.00014619,1,"Emission line wavelength(s) in region: [(1.68406, 'OH Line')] micron"
452,60,1.6871,4.981e-05,0,"Emission line wavelength(s) in region: [(1.68713, 'OH Line')] micron"
453,60,1.68765,7.116e-05,0,"Emission line wavelength(s) in region: [(1.68768, 'OH Line')] micron"
454,60,1.68888,5.869e-05,0,"Emission line wavelength(s) in region: [(1.68892, 'OH Line')] micron"
455,60,1.68905,5.848e-05,0,"Emission line wavelength(s) in region: [(1.68908, 'OH Line')] micron"
456,60,1.68994,7.814e-05,0,"Emission line wavelength(s) in region: [(1.68999, 'OH Line')] micron"
457,60,1.69032,0.00010841,1,"Emission line wavelength(s) in region: [(1.69035, 'OH Line'), (1.6904, 'OH Line')] micron"
458,60,1.6907,7.677e-05,0,"Emission line wavelength(s) in region: [(1.69074, 'OH Line')] micron"
459,60,1.69085,6.63e-05,0,"Emission line wavelength(s) in region: [(1.69089, 'OH Line')] micron"
460,60,1.69098,6.608e-05,0,"Emission line wavelength(s) in region: [(1.69102, 'OH Line')] micron"
461,60,1.69546,7.607e-05,1,"Emission line wavelength(s) in region: [(1.6955, 'OH Line')] micron"
462,61,1.69545,9.898e-05,1,"Emission line wavelength(s) in region: [(1.69551, 'OH Line')] micron"
463,61,1.7008,0.00012368,1,"Emission line wavelength(s) in region: [(1.70084, 'OH Line'), (1.7009, 'OH Line')] micron"
464,61,1.70544,6.327e-05,0,"Emission line wavelength(s) in region: [(1.70547, 'OH Line')] micron"
465,61,1.7056,0.00017759,0,"Emission line wavelength(s) in region: [(1.70569, 'OH Line')] micron"
466,61,1.70705,5.024e-05,0,"Emission line wavelength(s) in region: [(1.70708, 'OH Line')] micron"
467,61,1.70739,4.992e-05,0,"Emission line wavelength(s) in region: [(1.70741, 'OH Line')] micron"
468,61,1.7078,8.249e-05,1,"Emission line wavelength(s) in region: [(1.70784, 'OH Line')] micron"
469,61,1.71046,8.82e-05,0,"Emission line wavelength(s) in region: [(1.71051, 'OH Line')] micron"
470,61,1.7109,7.702e-05,1,"Emission line wavelength(s) in region: [(1.71094, 'OH Line')] micron"
471,61,1.71145,8.611e-05,0,"Emission line wavelength(s) in region: [(1.7115, 'OH Line')] micron"
472,61,1.71228,6.447e-05,1,"Emission line wavelength(s) in region: [(1.71232, 'OH Line')] micron"
473,61,1.71238,6.43e-05,1,"Emission line wavelength(s) in region: [(1.71242, 'OH Line')] micron"
474,62,1.71889,8.361e-05,0,"Emission line wavelength(s) in region: [(1.71893, 'OH Line')] micron"
475,62,1.71962,4.462e-05,0,"Emission line wavelength(s) in region: [(1.71965, 'OH Line')] micron"
476,62,1.72096,0.00015019,1,"Emission line wavelength(s) in region: [(1.721, 'OH Line'), (1.72108, 'Unknown Species')] micron"
477,62,1.72152,8.077e-05,0,"Emission line wavelength(s) in region: [(1.72156, 'OH Line')] micron"
478,62,1.72212,0.00013545,0,"Emission line wavelength(s) in region: [(1.72217, 'OH Line'), (1.72223, 'OH Line')] micron"
479,62,1.72298,6.691e-05,1,"Emission line wavelength(s) in region: [(1.72301, 'OH Line')] micron"
480,62,1.72321,8.483e-05,0,"Emission line wavelength(s) in region: [(1.72326, 'OH Line'), (1.72327, 'OH Line')] micron"
481,62,1.72424,0.00013111,0,"Emission line wavelength(s) in region: [(1.72428, 'OH Line'), (1.72434, 'OH Line')] micron"
482,62,1.72439,0.00010109,0,"Emission line wavelength(s) in region: [(1.72444, 'OH Line')] micron"
483,62,1.72476,6.504e-05,1,"Emission line wavelength(s) in region: [(1.72479, 'OH Line')] micron"
484,62,1.7249,6.488e-05,1,"Emission line wavelength(s) in region: [(1.72494, 'OH Line')] micron"
485,62,1.72569,0.00013376,1,"Emission line wavelength(s) in region: [(1.72573, 'OH Line'), (1.72579, 'OH Line')] micron"
486,62,1.72683,7.98e-05,0,"Emission line wavelength(s) in region: [(1.72686, 'Unknown Species'), (1.72687, 'Unknown Species')] micron"
487,62,1.72753,7.313e-05,0,"Emission line wavelength(s) in region: [(1.72757, 'OH Line')] micron"
488,62,1.72823,0.00011647,1,"Emission line wavelength(s) in region: [(1.72826, 'OH Line'), (1.72832, 'OH Line')] micron"
489,62,1.73127,7.786e-05,0,"Emission line wavelength(s) in region: [(1.73131, 'OH Line')] micron"
490,62,1.73265,6.519e-05,0,"Emission line wavelength(s) in region: [(1.73269, 'OH Line')] micron"
491,62,1.73303,0.00011413,1,"Emission line wavelength(s) in region: [(1.73306, 'OH Line'), (1.73311, 'OH Line')] micron"
492,62,1.73505,0.00013111,1,"Emission line wavelength(s) in region: [(1.73508, 'OH Line'), (1.73515, 'OH Line')] micron"
493,62,1.73592,0.00010481,1,"Emission line wavelength(s) in region: [(1.73598, 'OH Line')] micron"
494,63,1.73503,0.00015702,1,"Emission line wavelength(s) in region: [(1.73509, 'OH Line'), (1.73515, 'OH Line')] micron"
495,63,1.73592,0.00010155,1,"Emission line wavelength(s) in region: [(1.73598, 'OH Line')] micron"
496,63,1.73824,8.588e-05,1,"Emission line wavelength(s) in region: [(1.73829, 'OH Line')] micron"
497,63,1.73842,8.571e-05,1,"Emission line wavelength(s) in region: [(1.73847, 'OH Line')] micron"
498,63,1.73855,0.00019079,1,"Emission line wavelength(s) in region: [(1.73865, 'OH Line')] micron"
499,63,1.74154,6.978e-05,0,"Emission line wavelength(s) in region: [(1.74158, 'OH Line')] micron"
500,63,1.74267,6.87e-05,1,"Emission line wavelength(s) in region: [(1.74271, 'OH Line')] micron"
501,63,1.74283,6.855e-05,0,"Emission line wavelength(s) in region: [(1.74286, 'OH Line')] micron"
502,63,1.74494,0.00011464,1,"Emission line wavelength(s) in region: [(1.745, 'OH Line')] micron"
503,63,1.75004,6.049e-05,1,"Emission line wavelength(s) in region: [(1.75007, 'OH Line')] micron"
504,63,1.75014,7.132e-05,1,"Emission line wavelength(s) in region: [(1.75018, 'OH Line')] micron"
505,63,1.75054,9.244e-05,1,"Emission line wavelength(s) in region: [(1.75059, 'OH Line')] micron"
506,63,1.75279,6.715e-05,1,"Emission line wavelength(s) in region: [(1.75283, 'OH Line')] micron"
507,63,1.75302,5.651e-05,1,"Emission line wavelength(s) in region: [(1.75305, 'OH Line')] micron"
508,63,1.75364,4.552e-05,0,"Emission line wavelength(s) in region: [(1.75366, 'OH Line')] micron"
509,63,1.75434,5.461e-05,0,"Emission line wavelength(s) in region: [(1.75437, 'OH Line')] micron"
510,64,1.76117,5.893e-05,0,"Emission line wavelength(s) in region: [(1.7612, 'OH Line')] micron"
511,64,1.76185,4.545e-05,0,"Emission line wavelength(s) in region: [(1.76187, 'Unknown Species')] micron"
512,64,1.76233,7.097e-05,1,"Emission line wavelength(s) in region: [(1.76237, 'OH Line')] micron"
513,64,1.76282,7.052e-05,0,"Emission line wavelength(s) in region: [(1.76286, 'OH Line')] micron"
514,64,1.76492,0.00013689,1,"Emission line wavelength(s) in region: [(1.76495, 'OH Line'), (1.76502, 'OH Line')] micron"
515,64,1.76527,0.00010525,1,"Emission line wavelength(s) in region: [(1.76533, 'OH Line')] micron"
516,64,1.76613,6.723e-05,0,"Emission line wavelength(s) in region: [(1.76617, 'OH Line')] micron"
517,64,1.76639,6.695e-05,0,"Emission line wavelength(s) in region: [(1.76642, 'OH Line')] micron"
518,64,1.76651,7.897e-05,0,"Emission line wavelength(s) in region: [(1.76655, 'OH Line')] micron"
519,64,1.76711,0.00014429,1,"Emission line wavelength(s) in region: [(1.76714, 'OH Line'), (1.76722, 'OH Line')] micron"
520,64,1.76759,5.371e-05,0,"Emission line wavelength(s) in region: [(1.76762, 'OH Line')] micron"
521,64,1.76838,6.476e-05,1,"Emission line wavelength(s) in region: [(1.76842, 'OH Line')] micron"
522,64,1.76865,6.445e-05,1,"Emission line wavelength(s) in region: [(1.76868, 'OH Line')] micron"
523,64,1.76888,4.086e-05,0,"Emission line wavelength(s) in region: [(1.7689, 'OH Line')] micron"
524,64,1.769,6.404e-05,0,"Emission line wavelength(s) in region: [(1.76904, 'OH Line')] micron"
525,64,1.76971,7.469e-05,1,"Emission line wavelength(s) in region: [(1.76975, 'OH Line')] micron"
526,64,1.7699,6.297e-05,1,"Emission line wavelength(s) in region: [(1.76994, 'OH Line')] micron"
527,64,1.77314,6.957e-05,1,"Emission line wavelength(s) in region: [(1.77317, 'OH Line')] micron"
528,64,1.77349,5.84e-05,1,"Emission line wavelength(s) in region: [(1.77352, 'OH Line')] micron"
529,64,1.77782,5.201e-05,0,"Emission line wavelength(s) in region: [(1.77785, 'OH Line')] micron"
530,65,1.78192,6.029e-05,0,"Emission line wavelength(s) in region: [(1.78195, 'OH Line')] micron"
531,65,1.78351,9.857e-05,0,"Emission line wavelength(s) in region: [(1.78357, 'OH Line')] micron"
532,65,1.78535,9.625e-05,1,"Emission line wavelength(s) in region: [(1.78539, 'OH Line'), (1.7854, 'OH Line')] micron"
533,65,1.78774,0.000605,1,"Emission line wavelength(s) in region: [(1.78805, 'OH Line')] micron"
534,65,1.79932,0.00014037,1,"Emission line wavelength(s) in region: [(1.79936, 'OH Line'), (1.79943, 'OH Line')] micron"
535,66,1.79945,2.132e-05,1,"Emission line wavelength(s) in region: [(1.79943, 'Unknown Species')] micron"
536,66,1.80481,4.71e-05,0,"Emission line wavelength(s) in region: [(1.80484, 'OH Line')] micron"
537,66,1.80674,8.54e-05,1,"Emission line wavelength(s) in region: [(1.80679, 'OH Line')] micron"
538,66,1.81176,7.938e-05,1,"Emission line wavelength(s) in region: [(1.8118, 'OH Line')] micron"
539,66,1.81186,7.924e-05,1,"Emission line wavelength(s) in region: [(1.8119, 'OH Line')] micron"
540,67,1.84631,0.0001186,0,"Emission line wavelength(s) in region: [(1.84638, 'Unknown Species')] micron"
541,68,1.84705,9.331e-05,0,"Emission line wavelength(s) in region: [(1.8471, 'Unknown Species')] micron"
542,69,1.87706,7.492e-05,0,"Emission line wavelength(s) in region: [(1.8771, 'Unknown Species')] micron"
543,69,1.89022,7.596e-05,0,"Emission line wavelength(s) in region: [(1.89026, 'OH Line'), (1.89027, 'OH Line')] micron"
